,year_wb,country_id,country_txt_wb,country_code,arrivals,population
0,2012,8,Angola,AGO,528000,25107931
1,2012,5,Albania,ALB,3156000,2900401
2,2012,7,Andorra,AND,2238000,82427
3,2012,11,Argentina,ARG,6497000,41733271
4,2012,12,Armenia,ARM,963000,2884229
5,2012,10,Antigua and Barbuda,ATG,247000,90409
6,2012,14,Australia,AUS,6032000,22733465
7,2012,15,Austria,AUT,24151000,8429991
8,2012,16,Azerbaijan,AZE,1986000,9295784
9,2012,21,Belgium,BEL,7560000,11106932
10,2012,23,Benin,BEN,220000,9729248
11,2012,33,Burkina Faso,BFA,237000,16571246
12,2012,32,Bulgaria,BGR,6541000,7305888
13,2012,18,Bahrain,BHR,8062000,1299943
14,2012,17,"Bahamas, The",BHS,1422000,363584
15,2012,28,Bosnia and Herzegovina,BIH,439000,3604972
16,2012,35,Belarus,BLR,6129900,9464495
17,2012,22,Belize,BLZ,277000,338000
18,2012,24,Bermuda,BMU,232000,64798
19,2012,26,Bolivia,BOL,798000,10377676
20,2012,30,Brazil,BRA,5677000,199287296
21,2012,20,Barbados,BRB,536000,283700
22,2012,31,Brunei Darussalam,BRN,209000,398989
23,2012,25,Bhutan,BTN,105000,701583
24,2012,38,Canada,CAN,16344000,34714222
25,2012,199,Switzerland,CHE,8566000,7996861
26,2012,43,Chile,CHL,3554000,17400347
27,2012,44,China,CHN,57725000,1350695000
28,2012,99,Cote d'Ivoire,CIV,289000,21547188
29,2012,47,"Congo, Rep.",COG,256000,4510198
30,2012,45,Colombia,COL,2179000,46076848
31,2012,46,Comoros,COM,22800,723871
32,2012,49,Costa Rica,CRI,2343000,4688000
33,2012,51,Cuba,CUB,2823000,11257101
34,2012,53,Cyprus,CYP,2465000,1135046
35,2012,54,Czech Republic,CZE,7647000,10510785
36,2012,75,Germany,DEU,30411000,80425823
37,2012,57,Dominica,DMA,79000,70965
38,2012,55,Denmark,DNK,8443000,5591572
39,2012,58,Dominican Republic,DOM,4563000,9930911
40,2012,6,Algeria,DZA,2634000,37383887
41,2012,59,Ecuador,ECU,1272000,15474102
42,2012,60,"Egypt, Arab Rep.",EGY,11196000,86422240
43,2012,185,Spain,ESP,57464000,46773055
44,2012,64,Estonia,EST,2957000,1322696
45,2012,65,Ethiopia,ETH,597000,92726971
46,2012,68,Finland,FIN,2778000,5413971
47,2012,67,Fiji,FJI,661000,865069
48,2012,69,France,FRA,81980000,65659809
49,2012,603,United Kingdom,GBR,29282000,63700215
50,2012,74,Georgia,GEO,2460000,3728874
51,2012,73,"Gambia, The",GMB,157000,1905011
52,2012,78,Greece,GRC,15518000,11045011
53,2012,80,Grenada,GRD,125000,107446
54,2012,83,Guatemala,GTM,1200000,14781942
55,2012,86,Guyana,GUY,177000,755399
56,2012,89,"Hong Kong SAR, China",HKG,23770000,7150100
57,2012,50,Croatia,HRV,10369000,4267558
58,2012,87,Haiti,HTI,349000,10250930
59,2012,90,Hungary,HUN,10353000,9920362
60,2012,93,Indonesia,IDN,8044000,248452413
61,2012,92,India,IND,6578000,1265782790
62,2012,96,Ireland,IRL,7550000,4599533
63,2012,94,"Iran, Islamic Rep.",IRN,3834000,75539862
64,2012,91,Iceland,ISL,673000,320716
65,2012,97,Israel,ISR,2886000,7910500
66,2012,98,Italy,ITA,46360000,59539717
67,2012,100,Jamaica,JAM,1986000,2842132
68,2012,102,Jordan,JOR,4162000,8090872
69,2012,101,Japan,JPN,8358000,127629000
70,2012,103,Kazakhstan,KAZ,6163000,16792089
71,2012,107,Kyrgyz Republic,KGZ,348000,5607200
72,2012,36,Cambodia,KHM,3584000,14780454
73,2012,189,St. Kitts and Nevis,KNA,104000,49887
74,2012,184,"Korea, Rep.",KOR,11140000,50199853
75,2012,106,Kuwait,KWT,5729000,3348853
76,2012,108,Lao PDR,LAO,2291000,6444530
77,2012,110,Lebanon,LBN,1366000,5538634
78,2012,190,St. Lucia,LCA,307000,176646
79,2012,114,Liechtenstein,LIE,62400,36615
80,2012,186,Sri Lanka,LKA,1006000,20425000
81,2012,111,Lesotho,LSO,423000,2014990
82,2012,115,Lithuania,LTU,1900000,2987773
83,2012,116,Luxembourg,LUX,950000,530946
84,2012,109,Latvia,LVA,1435000,2034319
85,2012,117,"Macao SAR, China",MAC,13577000,564039
86,2012,136,Morocco,MAR,9375000,33241898
87,2012,132,Moldova,MDA,89000,2859458
88,2012,119,Madagascar,MDG,256000,22346641
89,2012,122,Maldives,MDV,958000,397237
90,2012,130,Mexico,MEX,23403000,117274155
91,2012,118,North Macedonia,MKD,351000,2074278
92,2012,123,Mali,MLI,32000,15979499
93,2012,124,Malta,MLT,1443000,420028
94,2012,138,Myanmar,MMR,1059000,51413698
95,2012,1002,Montenegro,MNE,1264000,620601
96,2012,134,Mongolia,MNG,476000,2824699
97,2012,137,Mozambique,MOZ,2113000,24862648
98,2012,129,Mauritius,MUS,965000,1255882
99,2012,120,Malawi,MWI,770000,15396005
100,2012,121,Malaysia,MYS,25033000,29068159
101,2012,143,New Caledonia,NCL,112000,259000
102,2012,146,Niger,NER,94000,17795191
103,2012,145,Nicaragua,NIC,1180000,5982526
104,2012,142,Netherlands,NLD,11680000,16754962
105,2012,151,Norway,NOR,4538000,5018573
106,2012,141,Nepal,NPL,803000,26989862
107,2012,144,New Zealand,NZL,2473000,4408100
108,2012,152,Oman,OMN,1241000,3498029
109,2012,156,Panama,PAN,1606000,3770624
110,2012,159,Peru,PER,2846000,29506788
111,2012,160,Philippines,PHL,4273000,97212638
112,2012,157,Papua New Guinea,PNG,168000,7631002
113,2012,161,Poland,POL,14840000,38063164
114,2012,163,Puerto Rico,PRI,3069000,3634488
115,2012,162,Portugal,PRT,7503000,10514844
116,2012,158,Paraguay,PRY,579000,6421512
117,2012,155,West Bank and Gaza,PSE,490000,3979998
118,2012,71,French Polynesia,PYF,169000,268998
119,2012,164,Qatar,QAT,2323500,2196074
120,2012,166,Romania,ROU,7937000,20058035
121,2012,167,Russian Federation,RUS,28177000,143201721
122,2012,173,Saudi Arabia,SAU,16332000,29155187
123,2012,195,Sudan,SDN,575000,36193783
124,2012,178,Singapore,SGP,11098000,5312437
125,2012,181,Solomon Islands,SLB,23900,556064
126,2012,177,Sierra Leone,SLE,60000,6712581
127,2012,61,El Salvador,SLV,1255000,6237923
128,2012,1001,Serbia,SRB,810000,7199077
129,2012,179,Slovak Republic,SVK,1528000,5407579
130,2012,180,Slovenia,SVN,2377000,2057159
131,2012,198,Sweden,SWE,5146000,9519374
132,2012,197,Eswatini,SWZ,888000,1079288
133,2012,176,Seychelles,SYC,208000,88303
134,2012,204,Togo,TGO,235000,6773807
135,2012,205,Thailand,THA,22354000,67835957
136,2012,202,Tajikistan,TJK,244000,7874835
137,2012,347,Timor-Leste,TLS,58000,1132994
138,2012,206,Tonga,TON,47400,102737
139,2012,207,Trinidad and Tobago,TTO,455000,1344817
140,2012,208,Tunisia,TUN,6999000,10847002
141,2012,209,Turkey,TUR,35698000,74653016
142,2012,212,Tuvalu,TUV,1100,10739
143,2012,203,Tanzania,TZA,1043000,47052481
144,2012,214,Ukraine,UKR,23013000,45593342
145,2012,218,Uruguay,URY,2695000,3378974
146,2012,217,United States,USA,66966900,313830990
147,2012,219,Uzbekistan,UZB,1895000,29774500
148,2012,225,Virgin Islands (U.S.),VIR,619000,108191
149,2012,223,Vietnam,VNM,6848000,89802487
150,2012,220,Vanuatu,VUT,108200,249499
151,2012,183,South Africa,ZAF,9188000,52834005
152,2012,230,Zambia,ZMB,859000,14465121
153,2012,231,Zimbabwe,ZWE,1794000,13115131
154,2013,8,Angola,AGO,650000,26015780
155,2013,5,Albania,ALB,2857000,2895092
156,2013,7,Andorra,AND,2328000,80774
157,2013,11,Argentina,ARG,6510000,42202935
158,2013,12,Armenia,ARM,1084000,2897584
159,2013,10,Antigua and Barbuda,ATG,243000,91516
160,2013,14,Australia,AUS,6482000,23128129
161,2013,15,Austria,AUT,24813000,8479823
162,2013,16,Azerbaijan,AZE,2130000,9416801
163,2013,21,Belgium,BEL,7684000,11159407
164,2013,23,Benin,BEN,231000,10004588
165,2013,33,Burkina Faso,BFA,218000,17072775
166,2013,32,Bulgaria,BGR,6898000,7265115
167,2013,18,Bahrain,BHR,9163000,1315029
168,2013,17,"Bahamas, The",BHS,1366000,367168
169,2013,28,Bosnia and Herzegovina,BIH,529000,3542605
170,2013,35,Belarus,BLR,6241800,9465997
171,2013,22,Belize,BLZ,294000,345715
172,2013,24,Bermuda,BMU,236000,65001
173,2013,26,Bolivia,BOL,798000,10542376
174,2013,30,Brazil,BRA,5813000,201035903
175,2013,20,Barbados,BRB,509000,284296
176,2013,31,Brunei Darussalam,BRN,225000,404421
177,2013,25,Bhutan,BTN,116000,710238
178,2013,38,Canada,CAN,16059000,35082954
179,2013,199,Switzerland,CHE,8967000,8089346
180,2013,43,Chile,CHL,3576000,17571507
181,2013,44,China,CHN,55686000,1357380000
182,2013,99,Cote d'Ivoire,CIV,380000,22087505
183,2013,47,"Congo, Rep.",COG,343000,4622761
184,2013,45,Colombia,COL,2288000,46497267
185,2013,46,Comoros,COM,21900,741505
186,2013,49,Costa Rica,CRI,2428000,4742107
187,2013,51,Cuba,CUB,2839000,11282720
188,2013,53,Cyprus,CYP,2405000,1143866
189,2013,54,Czech Republic,CZE,7852000,10514272
190,2013,75,Germany,DEU,31545000,80645605
191,2013,57,Dominica,DMA,78000,71016
192,2013,55,Denmark,DNK,8557000,5614932
193,2013,58,Dominican Republic,DOM,4690000,10048224
194,2013,6,Algeria,DZA,2733000,38140132
195,2013,59,Ecuador,ECU,1364000,15707474
196,2013,60,"Egypt, Arab Rep.",EGY,9174000,88404640
197,2013,185,Spain,ESP,60675000,46620045
198,2013,64,Estonia,EST,3111000,1317997
199,2013,65,Ethiopia,ETH,681000,95385785
200,2013,68,Finland,FIN,2797000,5438972
201,2013,67,Fiji,FJI,659000,865608
202,2013,69,France,FRA,83634000,65998687
203,2013,603,United Kingdom,GBR,31063000,64128273
204,2013,74,Georgia,GEO,2884000,3717668
205,2013,73,"Gambia, The",GMB,171000,1963711
206,2013,78,Greece,GRC,17920000,10965211
207,2013,80,Grenada,GRD,128000,108170
208,2013,83,Guatemala,GTM,1224000,15043981
209,2013,86,Guyana,GUY,200000,759285
210,2013,89,"Hong Kong SAR, China",HKG,25661000,7178900
211,2013,50,Croatia,HRV,10948000,4255689
212,2013,87,Haiti,HTI,420000,10400673
213,2013,90,Hungary,HUN,10624000,9893082
214,2013,93,Indonesia,IDN,8802000,251806402
215,2013,92,India,IND,6968000,1280846129
216,2013,96,Ireland,IRL,8260000,4623816
217,2013,94,"Iran, Islamic Rep.",IRN,4769000,76481943
218,2013,91,Iceland,ISL,807300,323764
219,2013,97,Israel,ISR,2962000,8059500
220,2013,98,Italy,ITA,47704000,60233948
221,2013,100,Jamaica,JAM,2008400,2858709
222,2013,102,Jordan,JOR,3945000,8520420
223,2013,101,Japan,JPN,10364000,127445000
224,2013,103,Kazakhstan,KAZ,6841000,17035550
225,2013,107,Kyrgyz Republic,KGZ,415000,5719600
226,2013,36,Cambodia,KHM,4210000,15026332
227,2013,189,St. Kitts and Nevis,KNA,107000,50331
228,2013,184,"Korea, Rep.",KOR,12176000,50428893
229,2013,106,Kuwait,KWT,6217000,3526376
230,2013,108,Lao PDR,LAO,2700000,6541304
231,2013,110,Lebanon,LBN,1274000,5914621
232,2013,190,St. Lucia,LCA,319000,177513
233,2013,114,Liechtenstein,LIE,59600,36934
234,2013,186,Sri Lanka,LKA,1275000,20585000
235,2013,111,Lesotho,LSO,433000,2028519
236,2013,115,Lithuania,LTU,2012000,2957689
237,2013,116,Luxembourg,LUX,945000,543360
238,2013,109,Latvia,LVA,1536000,2012647
239,2013,117,"Macao SAR, China",MAC,14268000,577372
240,2013,136,Morocco,MAR,10046000,33715693
241,2013,132,Moldova,MDA,95600,2858692
242,2013,119,Madagascar,MDG,196000,22961253
243,2013,122,Maldives,MDV,1125000,415593
244,2013,130,Mexico,MEX,24151000,118827161
245,2013,118,North Macedonia,MKD,400000,2076067
246,2013,123,Mali,MLI,57000,16449864
247,2013,124,Malta,MLT,1582000,425967
248,2013,138,Myanmar,MMR,2044000,51852451
249,2013,1002,Montenegro,MNE,1324000,621207
250,2013,134,Mongolia,MNG,418000,2881792
251,2013,137,Mozambique,MOZ,1886000,25560725
252,2013,129,Mauritius,MUS,993000,1258653
253,2013,120,Malawi,MWI,795000,15839269
254,2013,121,Malaysia,MYS,25715000,29468872
255,2013,143,New Caledonia,NCL,108000,263650
256,2013,146,Niger,NER,123000,18504255
257,2013,145,Nicaragua,NIC,1229000,6062454
258,2013,142,Netherlands,NLD,12783000,16804432
259,2013,151,Norway,NOR,4778000,5079623
260,2013,141,Nepal,NPL,798000,26917906
261,2013,144,New Zealand,NZL,2629000,4442100
262,2013,152,Oman,OMN,1392000,3764805
263,2013,156,Panama,PAN,1658000,3835437
264,2013,159,Peru,PER,3164000,29773987
265,2013,160,Philippines,PHL,4681000,98871552
266,2013,157,Papua New Guinea,PNG,174000,7788379
267,2013,161,Poland,POL,15800000,38040196
268,2013,163,Puerto Rico,PRI,3172000,3593077
269,2013,162,Portugal,PRT,9177000,10457295
270,2013,158,Paraguay,PRY,610000,6510276
271,2013,155,West Bank and Gaza,PSE,545000,4076708
272,2013,71,French Polynesia,PYF,164000,270328
273,2013,164,Qatar,QAT,2611900,2336574
274,2013,166,Romania,ROU,8019000,19983693
275,2013,167,Russian Federation,RUS,30792000,143506995
276,2013,173,Saudi Arabia,SAU,15772000,30052518
277,2013,195,Sudan,SDN,591000,37072550
278,2013,178,Singapore,SGP,11899000,5399162
279,2013,181,Solomon Islands,SLB,24400,571335
280,2013,177,Sierra Leone,SLE,81000,6863980
281,2013,61,El Salvador,SLV,1283000,6266070
282,2013,1001,Serbia,SRB,922000,7164132
283,2013,179,Slovak Republic,SVK,1670000,5413393
284,2013,180,Slovenia,SVN,2502000,2059953
285,2013,198,Sweden,SWE,5229000,9600379
286,2013,197,Eswatini,SWZ,968000,1086839
287,2013,176,Seychelles,SYC,230000,89949
288,2013,204,Togo,TGO,327000,6954721
289,2013,205,Thailand,THA,26547000,68144501
290,2013,202,Tajikistan,TJK,208000,8059769
291,2013,347,Timor-Leste,TLS,79000,1153295
292,2013,206,Tonga,TON,48200,101768
293,2013,207,Trinidad and Tobago,TTO,434000,1353700
294,2013,208,Tunisia,TUN,7352000,10952951
295,2013,209,Turkey,TUR,37795000,75928564
296,2013,212,Tuvalu,TUV,1300,10857
297,2013,203,Tanzania,TZA,1063000,48482266
298,2013,214,Ukraine,UKR,24671000,45489648
299,2013,218,Uruguay,URY,2683000,3389439
300,2013,217,United States,USA,71642910,315993715
301,2013,219,Uzbekistan,UZB,1969000,30243200
302,2013,225,Virgin Islands (U.S.),VIR,590000,108044
303,2013,223,Vietnam,VNM,7572000,90753472
304,2013,220,Vanuatu,VUT,110000,256635
305,2013,183,South Africa,ZAF,9537000,53689236
306,2013,230,Zambia,ZMB,915000,14926504
307,2013,231,Zimbabwe,ZWE,1833000,13350356
308,2014,8,Angola,AGO,595000,26941779
309,2014,5,Albania,ALB,3341000,2889104
310,2014,7,Andorra,AND,2363000,79213
311,2014,11,Argentina,ARG,7165000,42669500
312,2014,12,Armenia,ARM,1204000,2912403
313,2014,10,Antigua and Barbuda,ATG,249000,92562
314,2014,14,Australia,AUS,6922000,23475686
315,2014,15,Austria,AUT,25291000,8546356
316,2014,16,Azerbaijan,AZE,2160000,9535079
317,2014,21,Belgium,BEL,7887000,11209057
318,2014,23,Benin,BEN,242000,10286842
319,2014,33,Burkina Faso,BFA,191000,17586017
320,2014,32,Bulgaria,BGR,7311000,7223938
321,2014,18,Bahrain,BHR,10452000,1336075
322,2014,17,"Bahamas, The",BHS,1446000,370633
323,2014,28,Bosnia and Herzegovina,BIH,536000,3482104
324,2014,35,Belarus,BLR,5374900,9474511
325,2014,22,Belize,BLZ,321000,353366
326,2014,24,Bermuda,BMU,224000,65138
327,2014,26,Bolivia,BOL,871000,10706517
328,2014,30,Brazil,BRA,6430000,202763735
329,2014,20,Barbados,BRB,521000,284825
330,2014,31,Brunei Darussalam,BRN,201000,409769
331,2014,25,Bhutan,BTN,133000,719056
332,2014,38,Canada,CAN,16537000,35437435
333,2014,199,Switzerland,CHE,9158000,8188649
334,2014,43,Chile,CHL,3674000,17758959
335,2014,44,China,CHN,55622000,1364270000
336,2014,99,Cote d'Ivoire,CIV,471000,22647683
337,2014,47,"Congo, Rep.",COG,226000,4736974
338,2014,45,Colombia,COL,2552000,46969209
339,2014,46,Comoros,COM,22800,759390
340,2014,49,Costa Rica,CRI,2527000,4795396
341,2014,51,Cuba,CUB,2981000,11306902
342,2014,53,Cyprus,CYP,2441000,1152285
343,2014,54,Czech Republic,CZE,8096000,10525347
344,2014,75,Germany,DEU,32999000,80982500
345,2014,57,Dominica,DMA,81500,71085
346,2014,55,Denmark,DNK,10267000,5643475
347,2014,58,Dominican Republic,DOM,5141400,10165178
348,2014,6,Algeria,DZA,2301000,38923687
349,2014,59,Ecuador,ECU,1695000,15951838
350,2014,60,"Egypt, Arab Rep.",EGY,9628300,90424654
351,2014,185,Spain,ESP,64939000,46480882
352,2014,64,Estonia,EST,3160000,1314545
353,2014,65,Ethiopia,ETH,770000,98094253
354,2014,68,Finland,FIN,2731000,5461512
355,2014,67,Fiji,FJI,693000,866453
356,2014,69,France,FRA,83701000,66312067
357,2014,603,United Kingdom,GBR,32613000,64602298
358,2014,74,Georgia,GEO,2939000,3719414
359,2014,73,"Gambia, The",GMB,156000,2024042
360,2014,78,Greece,GRC,22033000,10892413
361,2014,80,Grenada,GRD,150000,108902
362,2014,83,Guatemala,GTM,1371000,15306316
363,2014,86,Guyana,GUY,206000,763380
364,2014,89,"Hong Kong SAR, China",HKG,27770000,7229500
365,2014,50,Croatia,HRV,11623000,4238389
366,2014,87,Haiti,HTI,465200,10549008
367,2014,90,Hungary,HUN,12140000,9866468
368,2014,93,Indonesia,IDN,9435000,255129004
369,2014,92,India,IND,13107000,1295604184
370,2014,96,Ireland,IRL,8813000,4657740
371,2014,94,"Iran, Islamic Rep.",IRN,4968000,77465753
372,2014,91,Iceland,ISL,997000,327386
373,2014,97,Israel,ISR,2927000,8215700
374,2014,98,Italy,ITA,48576000,60789140
375,2014,100,Jamaica,JAM,2080000,2875136
376,2014,102,Jordan,JOR,3990000,8920049
377,2014,101,Japan,JPN,13413000,127276000
378,2014,103,Kazakhstan,KAZ,6333000,17288285
379,2014,107,Kyrgyz Republic,KGZ,413000,5835500
380,2014,36,Cambodia,KHM,4503000,15274503
381,2014,189,St. Kitts and Nevis,KNA,113000,50774
382,2014,184,"Korea, Rep.",KOR,14202000,50746659
383,2014,106,Kuwait,KWT,6528000,3690941
384,2014,108,Lao PDR,LAO,3164000,6639756
385,2014,110,Lebanon,LBN,1355000,6262410
386,2014,190,St. Lucia,LCA,338000,178296
387,2014,114,Liechtenstein,LIE,61300,37223
388,2014,186,Sri Lanka,LKA,1527000,20778000
389,2014,111,Lesotho,LSO,1079000,2043437
390,2014,115,Lithuania,LTU,2063000,2932367
391,2014,116,Luxembourg,LUX,1038000,556319
392,2014,109,Latvia,LVA,1843000,1993782
393,2014,117,"Macao SAR, China",MAC,14566000,590208
394,2014,136,Morocco,MAR,10283000,34192347
395,2014,132,Moldova,MDA,93900,2856950
396,2014,119,Madagascar,MDG,222000,23589887
397,2014,122,Maldives,MDV,1205000,435015
398,2014,130,Mexico,MEX,29346000,120355128
399,2014,118,North Macedonia,MKD,425000,2077775
400,2014,123,Mali,MLI,53000,16934220
401,2014,124,Malta,MLT,1690000,434558
402,2014,138,Myanmar,MMR,3081000,52280807
403,2014,1002,Montenegro,MNE,1350000,621810
404,2014,134,Mongolia,MNG,393000,2940108
405,2014,137,Mozambique,MOZ,1661000,26286163
406,2014,129,Mauritius,MUS,1038000,1260934
407,2014,120,Malawi,MWI,819000,16289540
408,2014,121,Malaysia,MYS,27437000,29866559
409,2014,143,New Caledonia,NCL,107000,268050
410,2014,146,Niger,NER,135000,19240157
411,2014,145,Nicaragua,NIC,1330000,6142733
412,2014,142,Netherlands,NLD,13925000,16865008
413,2014,151,Norway,NOR,4855000,5137232
414,2014,141,Nepal,NPL,790000,26906926
415,2014,144,New Zealand,NZL,2772000,4509700
416,2014,152,Oman,OMN,1611000,4027260
417,2014,156,Panama,PAN,1745000,3901315
418,2014,159,Peru,PER,3215000,30090359
419,2014,160,Philippines,PHL,4833000,100513138
420,2014,157,Papua New Guinea,PNG,182000,7946731
421,2014,161,Poland,POL,16000000,38011735
422,2014,163,Puerto Rico,PRI,3246000,3534874
423,2014,162,Portugal,PRT,10497000,10401062
424,2014,158,Paraguay,PRY,649000,6599526
425,2014,155,West Bank and Gaza,PSE,556000,4173398
426,2014,71,French Polynesia,PYF,181000,271705
427,2014,164,Qatar,QAT,2839200,2459198
428,2014,166,Romania,ROU,8442000,19908979
429,2014,167,Russian Federation,RUS,32421000,143819666
430,2014,173,Saudi Arabia,SAU,18260000,30916994
431,2014,195,Sudan,SDN,684000,37977655
432,2014,178,Singapore,SGP,11864000,5469724
433,2014,181,Solomon Islands,SLB,20100,587079
434,2014,177,Sierra Leone,SLE,44000,7017144
435,2014,61,El Salvador,SLV,1345000,6295128
436,2014,1001,Serbia,SRB,1029000,7130576
437,2014,179,Slovak Republic,SVK,1475000,5418649
438,2014,180,Slovenia,SVN,2675000,2061980
439,2014,198,Sweden,SWE,5660000,9696110
440,2014,197,Eswatini,SWZ,939000,1095021
441,2014,176,Seychelles,SYC,233000,91359
442,2014,204,Togo,TGO,282000,7137997
443,2014,205,Thailand,THA,24810000,68438730
444,2014,202,Tajikistan,TJK,213000,8252833
445,2014,347,Timor-Leste,TLS,60000,1174331
446,2014,206,Tonga,TON,50400,101028
447,2014,207,Trinidad and Tobago,TTO,412000,1362342
448,2014,208,Tunisia,TUN,7163000,11063201
449,2014,209,Turkey,TUR,39811000,77231907
450,2014,212,Tuvalu,TUV,1400,10972
451,2014,203,Tanzania,TZA,1113000,49959822
452,2014,214,Ukraine,UKR,12712000,45272156
453,2014,218,Uruguay,URY,2682000,3400434
454,2014,217,United States,USA,75379350,318301008
455,2014,219,Uzbekistan,UZB,1862000,30757700
456,2014,225,Virgin Islands (U.S.),VIR,615000,107884
457,2014,223,Vietnam,VNM,7874000,91714595
458,2014,220,Vanuatu,VUT,109000,263888
459,2014,183,South Africa,ZAF,9549000,54545991
460,2014,230,Zambia,ZMB,947000,15399753
461,2014,231,Zimbabwe,ZWE,1880000,13586681
462,2015,8,Angola,AGO,592000,27884381
463,2015,5,Albania,ALB,3784000,2880703
464,2015,7,Andorra,AND,2663000,78011
465,2015,11,Argentina,ARG,6816000,43131966
466,2015,12,Armenia,ARM,1192000,2925553
467,2015,10,Antigua and Barbuda,ATG,250000,93566
468,2015,14,Australia,AUS,7449000,23815995
469,2015,15,Austria,AUT,26728000,8642699
470,2015,16,Azerbaijan,AZE,1922000,9649341
471,2015,21,Belgium,BEL,8355000,11274196
472,2015,23,Benin,BEN,255000,10575952
473,2015,33,Burkina Faso,BFA,163000,18110624
474,2015,32,Bulgaria,BGR,7099000,7177991
475,2015,18,Bahrain,BHR,9670000,1371851
476,2015,17,"Bahamas, The",BHS,1502000,374206
477,2015,28,Bosnia and Herzegovina,BIH,678000,3429361
478,2015,35,Belarus,BLR,4385600,9489616
479,2015,22,Belize,BLZ,341000,360933
480,2015,24,Bermuda,BMU,220000,65237
481,2015,26,Bolivia,BOL,882000,10869730
482,2015,30,Brazil,BRA,6306000,204471769
483,2015,20,Barbados,BRB,592000,285324
484,2015,31,Brunei Darussalam,BRN,218000,414907
485,2015,25,Bhutan,BTN,155000,727876
486,2015,38,Canada,CAN,17971000,35702908
487,2015,199,Switzerland,CHE,9305000,8282396
488,2015,43,Chile,CHL,4478000,17969353
489,2015,44,China,CHN,56886000,1371220000
490,2015,99,Cote d'Ivoire,CIV,1441000,23226143
491,2015,47,"Congo, Rep.",COG,220000,4856095
492,2015,45,Colombia,COL,2980000,47520667
493,2015,46,Comoros,COM,23600,777424
494,2015,49,Costa Rica,CRI,2660000,4847804
495,2015,51,Cuba,CUB,3506000,11324781
496,2015,53,Cyprus,CYP,2659000,1160985
497,2015,54,Czech Republic,CZE,8707000,10546059
498,2015,75,Germany,DEU,34970000,81686611
499,2015,57,Dominica,DMA,75000,71183
500,2015,55,Denmark,DNK,10424000,5683483
501,2015,58,Dominican Republic,DOM,5600000,10281680
502,2015,6,Algeria,DZA,1710000,39728025
503,2015,59,Ecuador,ECU,1676000,16212020
504,2015,60,"Egypt, Arab Rep.",EGY,9139000,92442547
505,2015,185,Spain,ESP,68175000,46444832
506,2015,64,Estonia,EST,2961000,1315407
507,2015,65,Ethiopia,ETH,864000,100835458
508,2015,68,Finland,FIN,2622000,5479531
509,2015,67,Fiji,FJI,755000,868627
510,2015,69,France,FRA,84452000,66548272
511,2015,603,United Kingdom,GBR,34436000,65116219
512,2015,74,Georgia,GEO,3012000,3725276
513,2015,73,"Gambia, The",GMB,449000,2085860
514,2015,78,Greece,GRC,23599000,10820883
515,2015,80,Grenada,GRD,155000,109599
516,2015,83,Guatemala,GTM,1473000,15567419
517,2015,86,Guyana,GUY,207000,767432
518,2015,89,"Hong Kong SAR, China",HKG,26686000,7291300
519,2015,50,Croatia,HRV,12683000,4203604
520,2015,87,Haiti,HTI,516000,10695542
521,2015,90,Hungary,HUN,14316000,9843028
522,2015,93,Indonesia,IDN,10407000,258383256
523,2015,92,India,IND,13284000,1310152403
524,2015,96,Ireland,IRL,9528000,4701957
525,2015,94,"Iran, Islamic Rep.",IRN,5237000,78492215
526,2015,91,Iceland,ISL,1289000,330815
527,2015,97,Israel,ISR,2799000,8380100
528,2015,98,Italy,ITA,50732000,60730582
529,2015,100,Jamaica,JAM,2123000,2891021
530,2015,102,Jordan,JOR,3761000,9266575
531,2015,101,Japan,JPN,19737000,127141000
532,2015,103,Kazakhstan,KAZ,6430000,17542806
533,2015,107,Kyrgyz Republic,KGZ,402000,5956900
534,2015,36,Cambodia,KHM,4775000,15521436
535,2015,189,St. Kitts and Nevis,KNA,118000,51203
536,2015,184,"Korea, Rep.",KOR,13232000,51014947
537,2015,106,Kuwait,KWT,6941000,3835591
538,2015,108,Lao PDR,LAO,3543000,6741164
539,2015,110,Lebanon,LBN,1518000,6532678
540,2015,190,St. Lucia,LCA,345000,179126
541,2015,114,Liechtenstein,LIE,56700,37470
542,2015,186,Sri Lanka,LKA,1798000,20970000
543,2015,111,Lesotho,LSO,1082000,2059021
544,2015,115,Lithuania,LTU,2071000,2904910
545,2015,116,Luxembourg,LUX,1090000,569604
546,2015,109,Latvia,LVA,2024000,1977527
547,2015,117,"Macao SAR, China",MAC,14308000,602085
548,2015,136,Morocco,MAR,10177000,34663603
549,2015,132,Moldova,MDA,94400,2834530
550,2015,119,Madagascar,MDG,244000,24234088
551,2015,122,Maldives,MDV,1234000,454915
552,2015,130,Mexico,MEX,32093000,121858258
553,2015,118,North Macedonia,MKD,486000,2079328
554,2015,123,Mali,MLI,15000,17438778
555,2015,124,Malta,MLT,1783000,445053
556,2015,138,Myanmar,MMR,4681000,52680726
557,2015,1002,Montenegro,MNE,1560000,622159
558,2015,134,Mongolia,MNG,386000,2998439
559,2015,137,Mozambique,MOZ,1552000,27042002
560,2015,129,Mauritius,MUS,1151000,1262605
561,2015,120,Malawi,MWI,805000,16745303
562,2015,121,Malaysia,MYS,25721000,30270962
563,2015,143,New Caledonia,NCL,114000,272400
564,2015,146,Niger,NER,135000,20001663
565,2015,145,Nicaragua,NIC,1386000,6223240
566,2015,142,Netherlands,NLD,15007000,16939923
567,2015,151,Norway,NOR,5361000,5188607
568,2015,141,Nepal,NPL,539000,27015031
569,2015,144,New Zealand,NZL,3039000,4595700
570,2015,152,Oman,OMN,1909000,4267348
571,2015,156,Panama,PAN,2110000,3968487
572,2015,159,Peru,PER,3456000,30470734
573,2015,160,Philippines,PHL,5361000,102113212
574,2015,157,Papua New Guinea,PNG,183000,8107775
575,2015,161,Poland,POL,16728000,37986412
576,2015,163,Puerto Rico,PRI,3542000,3473232
577,2015,162,Portugal,PRT,11723000,10358076
578,2015,158,Paraguay,PRY,1215000,6688746
579,2015,155,West Bank and Gaza,PSE,432000,4270092
580,2015,71,French Polynesia,PYF,184000,273124
581,2015,164,Qatar,QAT,2941100,2565710
582,2015,166,Romania,ROU,9331000,19815616
583,2015,167,Russian Federation,RUS,33729000,144096870
584,2015,173,Saudi Arabia,SAU,17994000,31717667
585,2015,195,Sudan,SDN,741000,38902950
586,2015,178,Singapore,SGP,12051000,5535002
587,2015,181,Solomon Islands,SLB,21600,603118
588,2015,177,Sierra Leone,SLE,24000,7171914
589,2015,61,El Salvador,SLV,1402000,6325124
590,2015,1001,Serbia,SRB,1132000,7095383
591,2015,179,Slovak Republic,SVK,1721000,5423801
592,2015,180,Slovenia,SVN,3022000,2063531
593,2015,198,Sweden,SWE,6482000,9799186
594,2015,197,Eswatini,SWZ,873000,1104044
595,2015,176,Seychelles,SYC,276000,93419
596,2015,204,Togo,TGO,273000,7323158
597,2015,205,Thailand,THA,29923000,68714511
598,2015,202,Tajikistan,TJK,414000,8454028
599,2015,347,Timor-Leste,TLS,62000,1196302
600,2015,206,Tonga,TON,53800,100781
601,2015,207,Trinidad and Tobago,TTO,440000,1370328
602,2015,208,Tunisia,TUN,5359000,11179949
603,2015,209,Turkey,TUR,39478000,78529409
604,2015,212,Tuvalu,TUV,2400,11099
605,2015,203,Tanzania,TZA,1104000,51482633
606,2015,214,Ukraine,UKR,12428000,45154036
607,2015,218,Uruguay,URY,2773000,3412009
608,2015,217,United States,USA,77773520,320635163
609,2015,219,Uzbekistan,UZB,1918000,31298900
610,2015,225,Virgin Islands (U.S.),VIR,642000,107710
611,2015,223,Vietnam,VNM,7944000,92677076
612,2015,220,Vanuatu,VUT,90000,271130
613,2015,183,South Africa,ZAF,8904000,55386367
614,2015,230,Zambia,ZMB,932000,15879361
615,2015,231,Zimbabwe,ZWE,2057000,13814629
616,2016,8,Angola,AGO,397000,28842484
617,2016,5,Albania,ALB,4070000,2876101
618,2016,7,Andorra,AND,2819000,77297
619,2016,11,Argentina,ARG,6668000,43590368
620,2016,12,Armenia,ARM,1260000,2936146
621,2016,10,Antigua and Barbuda,ATG,265000,94527
622,2016,14,Australia,AUS,8269000,24190907
623,2016,15,Austria,AUT,28121000,8736668
624,2016,16,Azerbaijan,AZE,2044000,9757812
625,2016,21,Belgium,BEL,7481000,11331422
626,2016,23,Benin,BEN,267000,10872067
627,2016,33,Burkina Faso,BFA,152000,18646378
628,2016,32,Bulgaria,BGR,8252000,7127822
629,2016,18,Bahrain,BHR,10158000,1425791
630,2016,17,"Bahamas, The",BHS,1500000,377931
631,2016,28,Bosnia and Herzegovina,BIH,778000,3386267
632,2016,35,Belarus,BLR,10935400,9501534
633,2016,22,Belize,BLZ,386000,368400
634,2016,24,Bermuda,BMU,244000,64554
635,2016,26,Bolivia,BOL,961000,11031813
636,2016,30,Brazil,BRA,6547000,206163058
637,2016,20,Barbados,BRB,632000,285796
638,2016,31,Brunei Darussalam,BRN,219000,419800
639,2016,25,Bhutan,BTN,210000,736709
640,2016,38,Canada,CAN,19971000,36109487
641,2016,199,Switzerland,CHE,9205000,8373338
642,2016,43,Chile,CHL,5641000,18209068
643,2016,44,China,CHN,59270000,1378665000
644,2016,99,Cote d'Ivoire,CIV,1583000,23822714
645,2016,47,"Congo, Rep.",COG,211000,4980999
646,2016,45,Colombia,COL,3254000,48171392
647,2016,46,Comoros,COM,26800,795592
648,2016,49,Costa Rica,CRI,2925000,4899345
649,2016,51,Cuba,CUB,3975000,11335109
650,2016,53,Cyprus,CYP,3187000,1170187
651,2016,54,Czech Republic,CZE,9321000,10566332
652,2016,75,Germany,DEU,35555000,82348669
653,2016,57,Dominica,DMA,78000,71307
654,2016,55,Denmark,DNK,10781000,5728010
655,2016,58,Dominican Republic,DOM,5959300,10397743
656,2016,6,Algeria,DZA,2039000,40551404
657,2016,59,Ecuador,ECU,1569000,16491115
658,2016,60,"Egypt, Arab Rep.",EGY,5258000,94447072
659,2016,185,Spain,ESP,75315000,46484062
660,2016,64,Estonia,EST,3131000,1315790
661,2016,65,Ethiopia,ETH,871000,103603501
662,2016,68,Finland,FIN,2789000,5495303
663,2016,67,Fiji,FJI,792000,872399
664,2016,69,France,FRA,82682000,66724104
665,2016,603,United Kingdom,GBR,35814000,65611593
666,2016,74,Georgia,GEO,3297000,3727505
667,2016,73,"Gambia, The",GMB,450000,2149139
668,2016,78,Greece,GRC,24799000,10775971
669,2016,80,Grenada,GRD,156000,110261
670,2016,83,Guatemala,GTM,1585000,15827690
671,2016,86,Guyana,GUY,235000,771366
672,2016,89,"Hong Kong SAR, China",HKG,26553000,7336600
673,2016,50,Croatia,HRV,13809000,4174349
674,2016,87,Haiti,HTI,445000,10839970
675,2016,90,Hungary,HUN,15255000,9814023
676,2016,93,Indonesia,IDN,11519000,261554226
677,2016,92,India,IND,14570000,1324509589
678,2016,96,Ireland,IRL,10100000,4755335
679,2016,94,"Iran, Islamic Rep.",IRN,4942000,79564016
680,2016,91,Iceland,ISL,1792000,335439
681,2016,97,Israel,ISR,2900000,8546000
682,2016,98,Italy,ITA,52372000,60627498
683,2016,100,Jamaica,JAM,2182000,2906238
684,2016,102,Jordan,JOR,3567000,9551467
685,2016,101,Japan,JPN,24040000,126994511
686,2016,103,Kazakhstan,KAZ,6509000,17794055
687,2016,107,Kyrgyz Republic,KGZ,321000,6079500
688,2016,36,Cambodia,KHM,5012000,15766293
689,2016,189,St. Kitts and Nevis,KNA,116000,51625
690,2016,184,"Korea, Rep.",KOR,17242000,51217803
691,2016,106,Kuwait,KWT,7055000,3956875
692,2016,108,Lao PDR,LAO,3315000,6845846
693,2016,110,Lebanon,LBN,1688000,6711121
694,2016,190,St. Lucia,LCA,348000,180024
695,2016,114,Liechtenstein,LIE,69100,37658
696,2016,186,Sri Lanka,LKA,2051000,21203000
697,2016,111,Lesotho,LSO,1196000,2075001
698,2016,115,Lithuania,LTU,2296000,2868231
699,2016,116,Luxembourg,LUX,1054000,582014
700,2016,109,Latvia,LVA,1793000,1959537
701,2016,117,"Macao SAR, China",MAC,15703600,612836
702,2016,136,Morocco,MAR,10332000,35126296
703,2016,132,Moldova,MDA,121000,2802170
704,2016,119,Madagascar,MDG,293000,24894380
705,2016,122,Maldives,MDV,1286000,475513
706,2016,130,Mexico,MEX,35079000,123333376
707,2016,118,North Macedonia,MKD,510000,2080745
708,2016,123,Mali,MLI,41500,17965429
709,2016,124,Malta,MLT,1966000,455356
710,2016,138,Myanmar,MMR,2907000,53045226
711,2016,1002,Montenegro,MNE,1662000,622303
712,2016,134,Mongolia,MNG,404000,3056359
713,2016,137,Mozambique,MOZ,1639000,27829942
714,2016,129,Mauritius,MUS,1275000,1263473
715,2016,120,Malawi,MWI,849000,17205289
716,2016,121,Malaysia,MYS,26757000,30684804
717,2016,143,New Caledonia,NCL,116000,276550
718,2016,146,Niger,NER,152000,20788838
719,2016,145,Nicaragua,NIC,1504000,6303974
720,2016,142,Netherlands,NLD,15828000,17030314
721,2016,151,Norway,NOR,5960000,5234519
722,2016,141,Nepal,NPL,753000,27261131
723,2016,144,New Zealand,NZL,3370000,4693200
724,2016,152,Oman,OMN,2335000,4479219
725,2016,156,Panama,PAN,1921000,4037078
726,2016,159,Peru,PER,3744000,30926032
727,2016,160,Philippines,PHL,5967000,103663927
728,2016,157,Papua New Guinea,PNG,179000,8271760
729,2016,161,Poland,POL,17471000,37970087
730,2016,163,Puerto Rico,PRI,3736000,3406672
731,2016,162,Portugal,PRT,13359000,10325452
732,2016,158,Paraguay,PRY,1308000,6777872
733,2016,155,West Bank and Gaza,PSE,400000,4367088
734,2016,71,French Polynesia,PYF,192000,274575
735,2016,164,Qatar,QAT,2938200,2654374
736,2016,166,Romania,ROU,10223000,19702267
737,2016,167,Russian Federation,RUS,24571000,144342396
738,2016,173,Saudi Arabia,SAU,18044000,32442572
739,2016,195,Sudan,SDN,800000,39847440
740,2016,178,Singapore,SGP,12913000,5607283
741,2016,181,Solomon Islands,SLB,23200,619437
742,2016,177,Sierra Leone,SLE,55000,7328838
743,2016,61,El Salvador,SLV,1434000,6356143
744,2016,1001,Serbia,SRB,1281000,7058322
745,2016,179,Slovak Republic,SVK,2027000,5430798
746,2016,180,Slovenia,SVN,3397000,2065042
747,2016,198,Sweden,SWE,6782000,9923085
748,2016,197,Eswatini,SWZ,947000,1113984
749,2016,176,Seychelles,SYC,303000,94677
750,2016,204,Togo,TGO,338000,7509952
751,2016,205,Thailand,THA,32530000,68971331
752,2016,202,Tajikistan,TJK,344000,8663579
753,2016,347,Timor-Leste,TLS,66000,1219288
754,2016,206,Tonga,TON,59100,101133
755,2016,207,Trinidad and Tobago,TTO,409000,1377564
756,2016,208,Tunisia,TUN,5724000,11303946
757,2016,209,Turkey,TUR,30289000,79821724
758,2016,212,Tuvalu,TUV,2500,11225
759,2016,203,Tanzania,TZA,1233000,53050790
760,2016,214,Ukraine,UKR,13333000,45004674
761,2016,218,Uruguay,URY,3037000,3424132
762,2016,217,United States,USA,76407480,322941311
763,2016,219,Uzbekistan,UZB,2027000,31847900
764,2016,225,Virgin Islands (U.S.),VIR,667000,107510
765,2016,223,Vietnam,VNM,10013000,93638724
766,2016,220,Vanuatu,VUT,95100,278330
767,2016,183,South Africa,ZAF,10044000,56203654
768,2016,230,Zambia,ZMB,956000,16363507
769,2016,231,Zimbabwe,ZWE,2168000,14030390
770,2017,8,Angola,AGO,261000,29816748
771,2017,5,Albania,ALB,4643000,2873457
772,2017,7,Andorra,AND,3003000,77001
773,2017,11,Argentina,ARG,6711000,44044811
774,2017,12,Armenia,ARM,1495000,2944809
775,2017,10,Antigua and Barbuda,ATG,247000,95426
776,2017,14,Australia,AUS,8815000,24601860
777,2017,15,Austria,AUT,29460000,8797566
778,2017,16,Azerbaijan,AZE,2454000,9854033
779,2017,21,Belgium,BEL,8385000,11375158
780,2017,23,Benin,BEN,281000,11175204
781,2017,33,Burkina Faso,BFA,143000,19193284
782,2017,32,Bulgaria,BGR,8883000,7075947
783,2017,18,Bahrain,BHR,11374000,1494074
784,2017,17,"Bahamas, The",BHS,1442000,381761
785,2017,28,Bosnia and Herzegovina,BIH,923000,3351527
786,2017,35,Belarus,BLR,11060200,9498264
787,2017,22,Belize,BLZ,427000,375769
788,2017,24,Bermuda,BMU,270000,63873
789,2017,26,Bolivia,BOL,1109000,11192854
790,2017,30,Brazil,BRA,6589000,207833831
791,2017,20,Barbados,BRB,664000,286233
792,2017,31,Brunei Darussalam,BRN,259000,424473
793,2017,25,Bhutan,BTN,255000,745568
794,2017,38,Canada,CAN,20883000,36543321
795,2017,199,Switzerland,CHE,9889000,8451840
796,2017,43,Chile,CHL,6450000,18470439
797,2017,44,China,CHN,60740000,1386395000
798,2017,99,Cote d'Ivoire,CIV,1800000,24437469
799,2017,47,"Congo, Rep.",COG,149000,5110702
800,2017,45,Colombia,COL,3631000,48901066
801,2017,46,Comoros,COM,28000,813892
802,2017,49,Costa Rica,CRI,2960000,4949954
803,2017,51,Cuba,CUB,4594000,11339259
804,2017,53,Cyprus,CYP,3652000,1179680
805,2017,54,Czech Republic,CZE,10160000,10594438
806,2017,75,Germany,DEU,37452000,82657002
807,2017,57,Dominica,DMA,72000,71458
808,2017,55,Denmark,DNK,12426000,5764980
809,2017,58,Dominican Republic,DOM,6188000,10513131
810,2017,6,Algeria,DZA,2451000,41389198
811,2017,59,Ecuador,ECU,1806000,16785361
812,2017,60,"Egypt, Arab Rep.",EGY,8157000,96442593
813,2017,185,Spain,ESP,81869000,46593236
814,2017,64,Estonia,EST,3244000,1317384
815,2017,65,Ethiopia,ETH,933000,106400024
816,2017,68,Finland,FIN,3180000,5508214
817,2017,67,Fiji,FJI,843000,877459
818,2017,69,France,FRA,86758000,66864379
819,2017,603,United Kingdom,GBR,37651000,66058859
820,2017,74,Georgia,GEO,4069400,3728004
821,2017,73,"Gambia, The",GMB,522000,2213894
822,2017,78,Greece,GRC,27194000,10754679
823,2017,80,Grenada,GRD,168000,110874
824,2017,83,Guatemala,GTM,1660000,16087418
825,2017,86,Guyana,GUY,247000,775221
826,2017,89,"Hong Kong SAR, China",HKG,27884000,7391700
827,2017,50,Croatia,HRV,15593000,4124531
828,2017,87,Haiti,HTI,467000,10982366
829,2017,90,Hungary,HUN,15785000,9787966
830,2017,93,Indonesia,IDN,14040000,264645886
831,2017,92,India,IND,15543000,1338658835
832,2017,96,Ireland,IRL,10338000,4807388
833,2017,94,"Iran, Islamic Rep.",IRN,4867000,80673951
834,2017,91,Iceland,ISL,2225000,343400
835,2017,97,Israel,ISR,3613000,8713300
836,2017,98,Italy,ITA,58253000,60536709
837,2017,100,Jamaica,JAM,2353000,2920853
838,2017,102,Jordan,JOR,3843500,9779173
839,2017,101,Japan,JPN,28691000,126785797
840,2017,103,Kazakhstan,KAZ,7701000,18037776
841,2017,107,Kyrgyz Republic,KGZ,421000,6198200
842,2017,36,Cambodia,KHM,5602000,16009414
843,2017,189,St. Kitts and Nevis,KNA,115000,52045
844,2017,184,"Korea, Rep.",KOR,13336000,51361911
845,2017,106,Kuwait,KWT,7407000,4056099
846,2017,108,Lao PDR,LAO,3257000,6953035
847,2017,110,Lebanon,LBN,1857000,6811873
848,2017,190,St. Lucia,LCA,386000,180955
849,2017,114,Liechtenstein,LIE,79300,37800
850,2017,186,Sri Lanka,LKA,2116400,21444000
851,2017,111,Lesotho,LSO,1137000,2091412
852,2017,115,Lithuania,LTU,2523000,2828403
853,2017,116,Luxembourg,LUX,1046000,596336
854,2017,109,Latvia,LVA,1949000,1942248
855,2017,117,"Macao SAR, China",MAC,17255000,622585
856,2017,136,Morocco,MAR,11349000,35581294
857,2017,132,Moldova,MDA,145000,2755158
858,2017,119,Madagascar,MDG,255000,25570540
859,2017,122,Maldives,MDV,1390000,496402
860,2017,130,Mexico,MEX,39291000,124777324
861,2017,118,North Macedonia,MKD,631000,2081996
862,2017,123,Mali,MLI,11000,18512394
863,2017,124,Malta,MLT,2274000,467999
864,2017,138,Myanmar,MMR,3443000,53382581
865,2017,1002,Montenegro,MNE,1877000,622373
866,2017,134,Mongolia,MNG,469000,3113779
867,2017,137,Mozambique,MOZ,1447000,28649007
868,2017,129,Mauritius,MUS,1342000,1264613
869,2017,120,Malawi,MWI,837000,17670260
870,2017,121,Malaysia,MYS,25948000,31105028
871,2017,143,New Caledonia,NCL,121000,280350
872,2017,146,Niger,NER,164000,21602472
873,2017,145,Nicaragua,NIC,1787000,6384855
874,2017,142,Netherlands,NLD,17924000,17131296
875,2017,151,Norway,NOR,6252000,5276968
876,2017,141,Nepal,NPL,940000,27627124
877,2017,144,New Zealand,NZL,3555000,4793900
878,2017,152,Oman,OMN,2316000,4665935
879,2017,156,Panama,PAN,1843000,4106771
880,2017,159,Peru,PER,4032000,31444297
881,2017,160,Philippines,PHL,6621000,105173264
882,2017,157,Papua New Guinea,PNG,139000,8438029
883,2017,161,Poland,POL,18258000,37974826
884,2017,163,Puerto Rico,PRI,3513000,3325286
885,2017,162,Portugal,PRT,15432000,10300300
886,2017,158,Paraguay,PRY,1584000,6867062
887,2017,155,West Bank and Gaza,PSE,503000,4454805
888,2017,71,French Polynesia,PYF,199000,276103
889,2017,164,Qatar,QAT,2256500,2724724
890,2017,166,Romania,ROU,10926000,19587290
891,2017,167,Russian Federation,RUS,24390000,144496740
892,2017,173,Saudi Arabia,SAU,16109000,33099147
893,2017,195,Sudan,SDN,813000,40813396
894,2017,178,Singapore,SGP,13903000,5612253
895,2017,181,Solomon Islands,SLB,25700,636038
896,2017,177,Sierra Leone,SLE,51000,7488431
897,2017,61,El Salvador,SLV,1556000,6388122
898,2017,1001,Serbia,SRB,1497000,7020858
899,2017,179,Slovak Republic,SVK,2162000,5439232
900,2017,180,Slovenia,SVN,3991000,2066388
901,2017,198,Sweden,SWE,7054000,10057698
902,2017,197,Eswatini,SWZ,921000,1124753
903,2017,176,Seychelles,SYC,350000,95843
904,2017,204,Togo,TGO,514000,7698475
905,2017,205,Thailand,THA,35592000,69209858
906,2017,202,Tajikistan,TJK,431000,8880268
907,2017,347,Timor-Leste,TLS,74000,1243261
908,2017,206,Tonga,TON,62500,101998
909,2017,207,Trinidad and Tobago,TTO,395000,1384072
910,2017,208,Tunisia,TUN,7052000,11433443
911,2017,209,Turkey,TUR,37601000,81101892
912,2017,212,Tuvalu,TUV,2500,11370
913,2017,203,Tanzania,TZA,1275000,54663906
914,2017,214,Ukraine,UKR,14230000,44831135
915,2017,218,Uruguay,URY,3674000,3436646
916,2017,217,United States,USA,77186740,324985539
917,2017,219,Uzbekistan,UZB,2690000,32388600
918,2017,225,Virgin Islands (U.S.),VIR,535000,107268
919,2017,223,Vietnam,VNM,12922000,94596642
920,2017,220,Vanuatu,VUT,109000,285510
921,2017,183,South Africa,ZAF,10285000,57000451
922,2017,230,Zambia,ZMB,1083000,16853688
923,2017,231,Zimbabwe,ZWE,2423000,14236745
924,2018,8,Angola,AGO,218000,30809762
925,2018,5,Albania,ALB,5340000,2866376
926,2018,7,Andorra,AND,3042000,77006
927,2018,11,Argentina,ARG,6942000,44494502
928,2018,12,Armenia,ARM,1652000,2951776
929,2018,10,Antigua and Barbuda,ATG,269000,96286
930,2018,14,Australia,AUS,9246000,24982688
931,2018,15,Austria,AUT,30816000,8840521
932,2018,16,Azerbaijan,AZE,2633000,9939771
933,2018,21,Belgium,BEL,9119000,11427054
934,2018,23,Benin,BEN,295000,11485048
935,2018,33,Burkina Faso,BFA,144000,19751535
936,2018,32,Bulgaria,BGR,9273000,7025037
937,2018,18,Bahrain,BHR,12045000,1569439
938,2018,17,"Bahamas, The",BHS,1633000,385640
939,2018,28,Bosnia and Herzegovina,BIH,1053000,3323929
940,2018,35,Belarus,BLR,11501600,9483499
941,2018,22,Belize,BLZ,489000,383071
942,2018,24,Bermuda,BMU,282000,63920
943,2018,26,Bolivia,BOL,1142000,11353142
944,2018,30,Brazil,BRA,6621000,209469333
945,2018,20,Barbados,BRB,680000,286641
946,2018,31,Brunei Darussalam,BRN,278000,428962
947,2018,25,Bhutan,BTN,274000,754394
948,2018,38,Canada,CAN,21134000,37057765
949,2018,199,Switzerland,CHE,10362000,8514329
950,2018,43,Chile,CHL,5723000,18729160
951,2018,44,China,CHN,62900000,1392730000
952,2018,99,Cote d'Ivoire,CIV,1965000,25069229
953,2018,47,"Congo, Rep.",COG,156000,5244363
954,2018,45,Colombia,COL,3904000,49648685
955,2018,46,Comoros,COM,35900,832322
956,2018,49,Costa Rica,CRI,3017000,4999441
957,2018,51,Cuba,CUB,4684000,11338138
958,2018,53,Cyprus,CYP,3939000,1189265
959,2018,54,Czech Republic,CZE,10611000,10629928
960,2018,75,Germany,DEU,38881000,82905782
961,2018,57,Dominica,DMA,63000,71625
962,2018,55,Denmark,DNK,12749000,5793636
963,2018,58,Dominican Republic,DOM,6569000,10627165
964,2018,6,Algeria,DZA,2657000,42228429
965,2018,59,Ecuador,ECU,2535000,17084357
966,2018,60,"Egypt, Arab Rep.",EGY,11196000,98423595
967,2018,185,Spain,ESP,82773000,46797754
968,2018,64,Estonia,EST,3234000,1321977
969,2018,65,Ethiopia,ETH,849000,109224559
970,2018,68,Finland,FIN,3224000,5515525
971,2018,67,Fiji,FJI,870000,883483
972,2018,69,France,FRA,89322000,66965912
973,2018,603,United Kingdom,GBR,36316000,66460344
974,2018,74,Georgia,GEO,4757000,3726549
975,2018,73,"Gambia, The",GMB,552000,2280102
976,2018,78,Greece,GRC,30123000,10732882
977,2018,80,Grenada,GRD,185000,111454
978,2018,83,Guatemala,GTM,1781000,16346950
979,2018,86,Guyana,GUY,287000,779004
980,2018,89,"Hong Kong SAR, China",HKG,29263000,7451000
981,2018,50,Croatia,HRV,16645000,4087843
982,2018,87,Haiti,HTI,447000,11123176
983,2018,90,Hungary,HUN,17552000,9775564
984,2018,93,Indonesia,IDN,15810000,267663435
985,2018,92,India,IND,17423000,1352617328
986,2018,96,Ireland,IRL,10926000,4867316
987,2018,94,"Iran, Islamic Rep.",IRN,7295000,81800269
988,2018,91,Iceland,ISL,2343800,352721
989,2018,97,Israel,ISR,4121000,8882800
990,2018,98,Italy,ITA,61567200,60421760
991,2018,100,Jamaica,JAM,2473000,2934855
992,2018,102,Jordan,JOR,4150000,9956011
993,2018,101,Japan,JPN,31192000,126529100
994,2018,103,Kazakhstan,KAZ,8789000,18276498
995,2018,107,Kyrgyz Republic,KGZ,423000,6322800
996,2018,36,Cambodia,KHM,6201000,16249798
997,2018,189,St. Kitts and Nevis,KNA,125000,52441
998,2018,184,"Korea, Rep.",KOR,15347000,51606633
999,2018,106,Kuwait,KWT,8508000,4137312
1000,2018,108,Lao PDR,LAO,3770000,7061507
1001,2018,110,Lebanon,LBN,1964000,6848925
1002,2018,190,St. Lucia,LCA,395000,181889
1003,2018,114,Liechtenstein,LIE,85300,37910
1004,2018,186,Sri Lanka,LKA,2334000,21670000
1005,2018,111,Lesotho,LSO,1173000,2108132
1006,2018,115,Lithuania,LTU,2825000,2801543
1007,2018,116,Luxembourg,LUX,1018000,607950
1008,2018,109,Latvia,LVA,1946000,1927174
1009,2018,117,"Macao SAR, China",MAC,18493000,631636
1010,2018,136,Morocco,MAR,12289000,36029138
1011,2018,132,Moldova,MDA,160000,2706049
1012,2018,119,Madagascar,MDG,291000,26262368
1013,2018,122,Maldives,MDV,1484000,515696
1014,2018,130,Mexico,MEX,41313000,126190788
1015,2018,118,North Macedonia,MKD,707000,2082958
1016,2018,123,Mali,MLI,14000,19077690
1017,2018,124,Malta,MLT,2599000,484630
1018,2018,138,Myanmar,MMR,3551000,53708395
1019,2018,1002,Montenegro,MNE,2077000,622227
1020,2018,134,Mongolia,MNG,529000,3170208
1021,2018,137,Mozambique,MOZ,2743000,29495962
1022,2018,129,Mauritius,MUS,1399000,1265303
1023,2018,120,Malawi,MWI,871000,18143315
1024,2018,121,Malaysia,MYS,25832000,31528585
1025,2018,143,New Caledonia,NCL,120000,284060
1026,2018,146,Niger,NER,157000,22442948
1027,2018,145,Nicaragua,NIC,1256000,6465513
1028,2018,142,Netherlands,NLD,18780000,17231624
1029,2018,151,Norway,NOR,5688000,5311916
1030,2018,141,Nepal,NPL,1173000,28087871
1031,2018,144,New Zealand,NZL,3686000,4841000
1032,2018,152,Oman,OMN,2301000,4829483
1033,2018,156,Panama,PAN,1785000,4176873
1034,2018,159,Peru,PER,4419000,31989256
1035,2018,160,Philippines,PHL,7168000,106651922
1036,2018,157,Papua New Guinea,PNG,140000,8606316
1037,2018,161,Poland,POL,19622000,37974750
1038,2018,163,Puerto Rico,PRI,3068000,3193354
1039,2018,162,Portugal,PRT,16186000,10283822
1040,2018,158,Paraguay,PRY,1181000,6956071
1041,2018,155,West Bank and Gaza,PSE,606000,4569087
1042,2018,71,French Polynesia,PYF,216300,277679
1043,2018,164,Qatar,QAT,1819300,2781677
1044,2018,166,Romania,ROU,11720000,19472545
1045,2018,167,Russian Federation,RUS,24551000,144477860
1046,2018,173,Saudi Arabia,SAU,15334000,33699947
1047,2018,195,Sudan,SDN,836000,41801533
1048,2018,178,Singapore,SGP,14673000,5638676
1049,2018,181,Solomon Islands,SLB,27900,652858
1050,2018,177,Sierra Leone,SLE,57000,7650154
1051,2018,61,El Salvador,SLV,1677300,6420744
1052,2018,1001,Serbia,SRB,1711000,6982604
1053,2018,179,Slovak Republic,SVK,2256000,5446771
1054,2018,180,Slovenia,SVN,4425000,2073894
1055,2018,198,Sweden,SWE,7440000,10175214
1056,2018,197,Eswatini,SWZ,782000,1136191
1057,2018,176,Seychelles,SYC,362000,96762
1058,2018,204,Togo,TGO,573000,7889094
1059,2018,205,Thailand,THA,38178000,69428524
1060,2018,202,Tajikistan,TJK,1035000,9100837
1061,2018,347,Timor-Leste,TLS,75000,1267972
1062,2018,206,Tonga,TON,54000,103197
1063,2018,207,Trinidad and Tobago,TTO,375000,1389858
1064,2018,208,Tunisia,TUN,8299000,11565204
1065,2018,209,Turkey,TUR,45768000,82319724
1066,2018,212,Tuvalu,TUV,2700,11508
1067,2018,203,Tanzania,TZA,1378000,56318348
1068,2018,214,Ukraine,UKR,14104000,44622518
1069,2018,218,Uruguay,URY,3469000,3449299
1070,2018,217,United States,USA,79745920,326687501
1071,2018,219,Uzbekistan,UZB,5346000,32956100
1072,2018,225,Virgin Islands (U.S.),VIR,381000,106977
1073,2018,223,Vietnam,VNM,15498000,95540395
1074,2018,220,Vanuatu,VUT,116000,292680
1075,2018,183,South Africa,ZAF,10472000,57779622
1076,2018,230,Zambia,ZMB,1072000,17351822
1077,2018,231,Zimbabwe,ZWE,2580000,14439018
